url_path,views_total,views_unique
/sphexa-org/sphexa,99,51
/sphexa-org/sphexa/tree/develop/main/src,9,8
/sphexa-org/sphexa/tree/develop/domain,9,7
/sphexa-org/sphexa/tree/develop/main,8,7
/sphexa-org/sphexa/tree/develop/domain/include/cstone,6,5
/sphexa-org/sphexa/wiki,6,5
/sphexa-org/sphexa/blob/develop/domain/include/cstone/cuda/errorcheck.cuh,5,3
/sphexa-org/sphexa/pulls,5,3
/sphexa-org/sphexa/blob/develop/domain/include/CMakeLists.txt,5,2
/sphexa-org/sphexa/blob/develop/domain/include/cstone/CMakeLists.txt,5,2
